Speak only english,% Hispanic,% Hispanic Population Foreign Born,Hispanic Median Household Income
38.16964286,15.20109786,40.90277778,68.816
6.196437659,90.13404198,44.3917002,46.376
6.06544085,78.88634573,44.05203577,43.857
4.153916769,78.34802658,47.43967039,45.343
6.618114969,50.28988619,56.0139263,44.875
5.861935981,49.48152623,57.78229908,36.803
4.776296884,73.07808513,57.13760709,36.216
11.40483017,51.07345698,51.79955703,34.501
11.53521127,23.82691944,50.47581285,36.485
3.560917235,91.02055503,49.35315221,42.808
28.47133129,28.62770847,31.49847095,49.766
40.80996885,15.7974361,34.07258065,24.974
11.00146481,62.05024061,49.61223764,35.431
8.123261666,52.4150853,52.03258791,49.506
6.577686953,62.19745338,57.1478281,30.252
7.63057718,58.99794354,53.99898599,49.859
8.387932348,44.49592463,57.76423472,46.65
8.505132407,32.35601827,58.56466877,44.48
7.749627422,47.94567063,51.34560907,29.25
10.31153429,95.92025547,40.74206596,45.735
8.267593814,96.47172237,44.93149468,43.44
37.39705882,13.24113352,24.92685781,26.599
30.94970272,14.10745899,53.29603871,60.601
12.61269438,51.39900734,46.44944518,42.395
17.41573034,22.01697565,49.26448209,57.388
22.57495591,29.55598845,50.71590909,50.759
6.646442361,52.57172466,58.26632775,36.55
13.72803636,66.16394428,41.64710337,42.849
20.33101641,78.19949616,34.7257721,54.455
8.540606061,90.91038552,43.78678363,39.134
23.4294775,25.63636026,51.21668598,54.154
42.69703543,10.61528307,43.86873921,75.349
41.10693176,10.47016989,45.88679245,61.615
4.841398943,79.99852158,53.74138345,39.096
7.053376906,54.33869839,58.22279459,40.509
21.3155936,38.59030837,43.72146119,61.497
19.71638942,95.02757949,37.48186086,46.434
38.06917914,35.99518735,31.20045841,60.854
19.36101892,62.53066004,41.54624826,53.364
12.51559576,30.24001046,57.34573241,49.827
5.721672279,65.02720151,49.81210856,42.53
39.02825836,17.98259669,30.10281014,103.956
47.19634703,11.19842829,45.66666667,64.627
7.751472179,35.55464784,51.5400186,55.127
49.39956332,8.678858951,46.70241287,80.978
59.59648215,5.604371465,37.38363547,82.111
4.553067428,69.52464508,60.65733624,37.013
8.106904232,90.2133922,40.82381729,19.918
7.169332144,69.75857963,41.64131852,50.966
5.571605448,67.0074983,44.85195695,50.376
5.237456913,63.00534581,55.30072031,53.418
9.838049921,95.73360504,39.19345163,48.317
24.96302869,13.87849566,47.05391884,67.556
17.38160672,58.14984611,40.03405263,53.179
23.17173899,28.55307857,48.94045223,52.129
44.05594406,10.53479992,56.21062106,51.701
51.50141643,8.813643104,47.33595064,95.968
63.88059701,12.36389539,13.33333333,179.167
6.866498514,94.30098563,43.37937059,44.325
8.963979417,61.20377909,41.62284229,57.422
6.579916523,76.35427952,42.32503927,52.071
7.753599553,72.9939759,38.12824957,56.944
20.86112796,33.13549729,42.40605669,57.017
25.96045198,24.50608931,40.33683048,75.096
19.4267865,73.88028622,32.99682279,86.064
20.78841193,75.36040727,35.17671262,71.166
18.31760744,74.72010119,33.97385662,72.654
56.09853,16.19150081,25.21225544,74.931
13.16211878,49.33013066,46.34596818,59.198
13.6076594,44.93839924,46.75996933,58.716
19.02920525,40.13394377,48.99594607,52.097
13.66947696,54.89739575,44.68005254,54.772
65.71790006,9.371001587,29.49208083,113.375
5.905947237,97.22470308,47.53143124,45.112
14.90052133,57.99523358,41.45459947,63.494
5.932069371,88.20318703,41.07530338,53.931
52.80373832,9.708143032,40.27538726,160.75
66.65431641,7.994366197,31.25440451,79.199
4.993279844,98.3545278,47.29115433,44.22
58.99497487,4.665033057,39.34588702,176.786
49.20477137,8.599018395,34.52436195,129.98
55.88095238,10.34499122,36.83486239,84.875
46.87430478,13.71636948,36.34079967,95.915
52.9478458,16.69979131,27.58107706,118.077
8.800750719,95.58018639,43.48157729,52.564
31.31845842,19.51020408,43.00114112,51.005
41.89497717,14.21275927,26.69983416,116.3
9.78669423,59.96495266,48.17027958,52.128
15.65929819,46.28710397,44.31409241,44.787
6.299725156,61.6558628,48.68911365,54.167
7.073684211,88.96554382,46.48442577,48.391
19.93166287,12.20582369,61.11111111,80.917
50,9.981484599,30.86003373,79.643
61.9538835,7.46381056,45.90807175,104.063
24.84995945,27.90352828,46.32697718,63.696
36.97318008,15.61656485,43.68887878,70.333
27.04850964,43.91661703,36.81241185,49.619
21.23195703,37.31578355,40.42809768,63.446
51.22518333,13.42226208,22.58226157,79.444
40.24805447,26.50404071,29.45228684,76.184
57.0969961,12.55507792,30.53712818,95.684
47.64739499,70.38966711,17.21478592,78.475
41.58263919,76.9516438,23.40360681,54.353
66.02764977,53.17364715,13.83636839,103.071
40.48078674,68.69334203,23.69983377,76.198
37.90870488,75.75388137,26.2620291,75.754
29.83456086,87.24042805,28.40016679,75.973
34.73336147,33.09777222,30.15232392,84.36
21.40649681,44.39856172,41.85384372,59.04
45.13242663,19.30787894,24.57010582,89.375
50.5397029,20.08942181,27.54678806,84.683
35.81043498,57.03839917,31.25174523,73.214
44.076269,42.19026144,23.95878473,98.073
23.55208953,77.37446198,33.63413478,54.733
22.49959162,69.73049457,33.73735173,69.775
26.84179304,90.67316392,30.27396061,67.918
36.20281023,74.67065868,27.34562951,70.87
18.27729446,46.23497429,38.36780958,48.069
24.29297744,39.8428665,38.88556917,58.935
44.69429747,13.91013857,24.81170954,79.315
23.84851586,52.1487811,31.75903614,70.625
20.81380324,55.89481184,36.78733661,57.363
18.6377709,42.8275985,41.58687869,50.757
48.23453191,32.49191146,21.38420586,101.154
54.02777778,28.51216226,18.00771048,118.289
31.73690134,42.37756714,30.85973905,70.895
12.28571429,80,43.15715786,55.347
38.51568477,33.82927283,23.30951072,64.625
69.8144233,20.30007637,16.46381943,68.558
11.50418777,80.97884908,39.47988402,57.593
30.32477221,56.95609885,30.7186894,45.603
55.85764472,30.64969271,19.79375537,120.394
69.05503634,12.93865965,26.16852146,90.114
14.75947837,88.93811533,38.78983158,50.263
21.02024436,42.45740383,39.03024285,69.256
21.58475861,17.90581717,46.76155116,81.143
29.87012987,31.79731485,28.90220648,66.563
22.33156099,34.61834608,38.27846975,54.265
50.2533955,16.10533524,27.50289911,73.977
21.93364067,42.8400316,34.88994646,51.923
13.37496146,59.94062191,37.28015294,52.086
15.59180769,51.20028578,39.12740127,51.661
36.35518364,28.93298553,27.78791456,60.454
53.82051892,23.16297991,18.74862788,118.243
14.68405428,54.766315,37.60599971,60.013
10.6233126,64.9554642,42.69402178,42.268
45.93756461,26.25349251,27.30263158,49.861
53.81165919,20.15395043,20.73024261,93.816
25.56442195,29.89317256,38.6377709,74.406
45.13521048,11.86358396,25.85677749,95.938
39.5793499,13.12873725,28.39919625,71.701
24.15601207,55.86808188,34.6179943,75.108
47.89527721,9.994581548,30.35978314,127.528
33.89282606,41.45724364,32.02276862,67.055
35.92321755,25.59944399,34.38914027,65.313
71.8116416,14.37980241,23.40966921,82.353
46.15552167,18.50840582,25.90094837,98.485
34.13488115,19.56207292,43.80418154,66.518
28.3315686,26.48891196,40.33319334,63.547
25.82818641,27.44566487,36.41008174,60.329
9.375970196,50.15365704,45.95588235,60.21
22.56289885,40.55816655,40.70698522,62.454
48.24324324,12.43560276,38.04971319,104.479
30.66417481,30.64244607,35.03257953,61.399
33.08251818,26.73907024,36.57806927,66.38
24.12959381,18.92100855,45.72077185,52.88
39.33722001,14.44420647,34.90510083,70.147
22.91577597,15.90525633,48.91880865,55.774
18.61449864,33.8300486,50.2683928,53.622
13.99056243,21.76789415,50.28683022,44.21
31.78643839,13.64460693,42.89029536,63.643
50.34924331,10.83228247,36.32130384,65.673
46.29580102,12.61571442,38.23377961,112.115
47.57662153,11.08832688,50.47945205,63.75
55.20934761,8.232255166,39.92723965,86.163
10.38634418,64.20249478,52.00453671,54.235
16.18070818,41.02757492,46.23144868,50.615
15.75658908,49.93155924,46.07941947,66.96
39.65614431,14.46414335,37.66404199,84.464
34.26728482,25.83314969,34.11374408,82.604
31.92032686,13.99390144,41.33083411,76.311
34.19220056,17.37012987,36.65343746,80.956
24.3767879,47.13647322,39.06941932,55.75
29.39269505,33.81867206,38.3994419,68
25.99450194,37.63702097,39.02251595,57.454
34.61538462,13.50615042,45.80277099,85.921
10.22408148,86.35286085,46.13137724,63.577
13.75553455,52.57015057,49.44089271,61.406
15.66898586,92.89191282,39.29315786,58.268
18.3763449,76.20910196,38.91524483,70.079
14.47007671,59.87294548,41.68314106,53.506
32.23478939,30.71270028,36.46908782,80.714
18.07909605,69.83546618,41.29394166,84.234
48.14496182,27.77209521,23.84033446,113.616
31.59340659,47.18290483,33.17999222,74.138
13.17303483,72.63361373,45.55610798,54.513
57.56505576,18.00024582,25.4694435,114.886
50.10546812,21.74867326,26.0732038,95.163
31.48688047,14.41217893,48.55746859,54.007
36.96412948,23.26476659,34.65909091,89.929
50.59125964,10.38108402,27.19923918,86.964
40.60527593,18.61545186,41.57616672,90.368
51.86556537,13.91083622,22.20508867,110.056
46.19585687,12.8583859,36.76196921,77.864
51.78370259,14.80144404,33.65853659,110.707
33.73111346,37.3579351,28.58059195,102.361
39.0820393,39.59889613,30.03905077,80.942
43.41962149,25.8451586,31.81267662,109.828
15.45757833,41.21494152,49.74061642,42.792
7.514306002,72.02847666,51.7118471,41.838
39.17525773,12.35888059,41.62110003,87.957
10.15791453,62.2437214,52.75695389,45.189
12.11800409,56.75532884,49.15417456,50.924
10.90023929,50.16276665,52.34386929,45.163
44.41558442,14.6207645,39.13402062,62.992
17.7830941,8.540413288,34.60949464,68.242
35.66505858,15.43074448,41.8957346,58.929
29.94549535,30.95816212,39.69834087,62.612
23.01953819,23.15600583,38.69874072,76.593
40.47550432,24.63918193,39.40110323,86.449
41.41052632,26.81942876,31.48816687,59.338
21.27147481,34.67604028,46.95107632,45.762
30.89071383,17.11569744,39.85743986,50.443
56.52173913,9.568520207,34.36011432,86.235
10.31679093,59.31692806,51.43945405,45.085
12.18540648,53.0353313,50.23837902,46.182
29.85099615,20.48283297,45.47049442,49.035
58.54332886,34.44920301,19.89112844,98.65
29.57260075,67.04475881,31.79851966,65.1
14.81764761,74.63148317,39.77601282,66.461
66.40625,29.85781991,12.94903926,91.553
52.70196257,28.7505731,20.60598224,104.643
43.87879866,52.49365282,27.62428646,74.355
51.88275085,25.97275471,21.52428811,96.054
30.27740832,64.5288903,32.06694411,88.343
43.92924149,65.34204417,21.58320939,64.943
45.10941004,52.39360707,21.63166167,78.293
46.29104612,42.28320466,22.30206428,66.706
13.21516715,64.16186884,40.97261616,42.043
14.40597733,66.04244496,42.47063355,49.632
15.28704729,75.50314119,42.15812215,49.751
52.93025723,31.99093584,24.84155586,99.489
48.91851852,36.58683386,23.59997258,89.54
49.98520856,42.10302585,21.65213401,87.198
56.18358232,26.87915205,21.73007498,104.063
18.02782361,82.42937919,36.18417315,72.26
37.91553596,45.52552444,24.56726752,102.606
19.03940674,83.10949544,34.95605686,71.477
28.81699577,26.58934982,29.60536827,73.768
63.58545907,35.96062,16.45074554,79.631
28.09411311,63.41401916,29.16721891,80.564
32.85575049,32.7892734,28.37972618,58.122
34.51910408,23.22501213,21.22088353,56.289
31.29574376,68.87423687,28.05039474,70.214
25.31352304,70.60825043,32.55541787,58.717
27.53695912,71.14479067,33.0825708,61.399
23.0062742,70.75709724,34.76298531,62.415
46.97518097,17.60779516,27.9985373,91.513
18.02282287,74.60330624,38.92429688,57.829
23.54163337,68.02157847,35.09281585,65.283
24.33728856,73.68645392,33.88993868,54.496
22.22106197,33.17704097,35.07667163,58.265
58.51572558,33.95477402,19.30371525,93.429
40.09048199,24.66405375,29.65785633,65.724
29.80634857,27.55017587,35.96507698,57.676
36.75788844,20.24876896,29.29434917,58.902
63.21029254,26.80337294,15.97311597,131.736
45.59650471,50.16295138,23.12147312,58.051
46.13980457,22.08370837,23.03851641,109.167
34.82890925,60.19056421,25.80338537,87.622
41.37322835,51.41479774,25.34505853,84.006
38.47264696,43.39106655,29.9719888,78.412
29.08732002,33.66747006,29.87146808,65.417
29.91468183,40.49108804,25.79351821,71.568
57.00972447,15.0038542,22.3853211,43.594
25.13487003,45.62341236,32.27003828,95.852
39.28790669,42.34417344,32.16,33.75
22.32216054,62.0158974,35.60811684,56.15
16.17916549,72.10506272,39.24604288,54.885
20.31332655,49.08896034,32.66450836,91.483
42.61277243,49.38719144,25.9466387,111.95
24.20795026,49.21308048,27.87790521,111.25
26.93949891,51.05314812,27.11275416,49.699
40.60312332,23.64912281,27.29970326,99.722
45.75858924,22.83977693,26.04938272,72.848
51.94852941,22.64700755,22.61079952,56.92
27.75727019,44.03363196,28.13307763,63.186
17.9521206,64.17378577,38.15166464,43.672
29.69358705,46.16679537,29.48181849,60.781
32.38333855,34.00913764,21.83039463,61.711
37.92250618,26.25968992,35.27675277,78.456
40.9052808,11.27266357,48.17404817,94.779
41.02345416,18.22768959,31.15780966,71.063
46.26436782,10.14974685,48.76347495,101.967
78.55058366,14.1196623,16.33448873,62.096
47.59677838,15.94184891,36.11327618,73.854
47.19339623,21.24006286,26.42802742,86.662
35.9285873,25.36364093,30.28443213,56.729
33.39550064,26.66932771,34.20996365,53.91
36.06990748,14.38858722,35.15487623,77.984
18.18980346,56.57638954,44.29062281,46.222
36.71219746,37.71983864,35.67778305,62.804
28.77244755,53.24716489,40.6508367,53.761
28.91862035,38.23511095,39.02491992,54.909
48.1154426,26.03962439,27.42223103,82.188
42.64057332,10.11056382,44.95983415,86.989
55.90551181,16.65226968,24.47153417,72.816
32.76789408,38.32372569,30.87629509,49.158
31.6754464,30.19278904,36.50170864,80.952
27.11187215,37.88194789,32.14192082,70.901
42.96506138,36.07291056,26.1744158,44.286
36.14834092,17.35970284,36.80314596,84.487
41.87786089,26.84175443,30.35661071,90.438
30.38514504,48.61044942,39.91342698,61.928
61.94251734,17.88424883,19.1744986,86.466
41.95882026,15.18977415,35.98347961,85.26
33.86579028,28.46367056,38.9441469,63.42
46.90879957,27.60508177,32.53365973,58.438
48.38478105,25.76316493,32.0190911,73.438
21.40706269,61.19871422,40.22498863,67.547
22.91124978,49.30742556,41.40342606,59.559
41.11182935,20.19971331,33.60596584,56.319
11.45803377,59.59327426,44.92698364,41.579
46.28472222,17.61959654,28.68825646,67.396
26.72064777,32.54759547,34.48742223,51.845
12.89712154,55.26941309,42.67774201,41.32
67.78824585,12.9297941,26.51573292,95.109
59.12993703,12.30503155,24.59656429,70.042
45.3038674,22.66606822,26.13861386,72.743
48.23811666,15.48470633,33.74914325,67.049
47.32892621,19.85518799,28.90598862,59.592
32.76657259,30.7576983,34.74858902,63.688
11.0982717,74.82536639,39.36481787,41.425
21.86610969,43.99790853,34.15970686,54.772
32.38935052,29.78567987,34.41168797,48.157
37.50436503,28.19983238,27.79959665,53.059
36.1872423,23.34380429,35.50593896,69.838
41.70976574,15.34504169,34.73988439,82.705
58.4110971,17.25665499,21.47024504,93.594
52.64544902,18.47790507,24.5704163,94.825
49.35803375,11.68896008,32.28332443,73.38
47.59974051,21.15295784,30.09171641,69.387
60.65540812,18.00306748,16.61271085,88.601
40.63562203,15.46855719,34.48302831,76.172
53.28501286,9.215980775,31.22555411,110.952
48.83855981,11.49405144,33.52532611,112.951
60.98638855,11.71067529,22.98456261,114.022
43.44206974,8.429828624,47.46407439,122.83
51.35212069,10.90505946,31.34407182,83.882
25.45258621,41.87785625,27.81746032,65.568
12.92582663,67.95648411,37.43529529,61.326
4.998695344,94.36129032,44.33543006,44.885
20.93928089,71.61853757,32.50764786,39.178
32.1400032,42.49197174,24.96977025,66.765
38.45648604,13.1984355,57.81675234,47.902
29.83284884,45.48844146,28.77377049,41.509
46.77234618,43.24757107,22.19494945,79.982
30.17889551,57.1015138,27.04873294,41.68
21.386563,82.02949722,30.0856387,33.398
29.69052224,42.47689464,31.07049608,57.321
3.982214812,97.56639377,44.1275039,44.272
19.27598433,75.33626315,20.78840375,36.832
18.56312008,58.595949,43.36755518,39.681
9.800962851,97.17439585,39.73796162,33.752
24.93562968,54.74800159,40.45252149,32.372
14.94063325,41.99246655,50.23198268,33.603
11.50105924,84.83591921,33.96711803,43.917
2.727272727,98.39715049,38.2029735,46.524
9.86122449,75.80589255,44.15485444,43.442
20.13042943,76.26199416,23.73632385,81.498
76.98066126,18.4472249,11.1884058,21.711
37.45883434,34.64291822,29.69179773,52.406
2.532511978,97.76050721,56.91422594,23.832
33.70197241,26.93883439,43.36510657,50.665
25.38916375,32.24893424,40.1451945,37.43
28.71491115,20.24212834,52.67044056,38.646
50.50445104,10.00384763,57.03296703,61.635
2.071197411,89.15422886,42.46651786,29.257
8.333333333,87.89580205,42.76907079,24.284
15.25302922,58.62462006,32.66364226,22.083
14.47963801,51.61529342,45.47803618,45.662
63.84782609,23.38166753,14.67331118,44.348
53.57142857,21.69734151,17.05937795,185.147
11.67539267,81.59011964,28.19299905,36.25
48.304769,22.4849133,21.82775607,54.611
30.5533479,64.89635036,27.3046295,48.911
58.57753841,37.18358068,15.99917565,52.855
57.86674546,35.05105788,20.19737732,49.14
41.61267099,18.54740681,10.75914801,52.775
51.10550954,46.07221857,14.52021021,43.667
53.7289916,48.98382083,12.51220306,57.487
48.64579669,27.43083004,20.55715658,71.957
39.1184573,29.99809415,29.0343075,31.84
23.23106113,80.75181159,28.20225204,57.193
60.78895464,30.72089569,17.36705095,73.636
34.78308144,67.05796038,25.06713746,55.41
74.73426002,16.8721691,7.382550336,65.068
16.75422017,83.95968018,36.91065881,55.903
36.52080449,60.015659,24.45148501,85.612
26.00272851,70.30835882,30.49403748,78.472
67.70098731,21.68621048,9.993155373,85.781
55.49270073,50.00642426,25.93353888,82.32
45.67385599,59.07563025,27.23730596,50.192
41.89473684,47.55469252,23.87130767,59.029
39.91139007,26.59863946,26.12105712,68.291
42.88888889,29.98630762,22.17148656,33.351
55.02925606,41.06870229,17.71109931,58.721
90.87048832,19.16604338,5.268292683,32.25
37.17277487,39.1099677,19.07627712,63.064
51.32350837,22.66662669,19.31216931,51.977
48.94584793,40.60058537,22.26826361,69.432
21.65324815,77.6418656,35.64888237,58.904
34.04080139,59.1033405,24.27697901,82.875
41.67593494,53.89344613,26.61582459,60.823
40.2179676,54.62122297,25.71443553,59.452
36.38283624,48.86125535,26.42863802,43.76
45.61567164,24.90135905,27.11267606,46.573
41.68868534,33.73074372,23.63288719,65.377
22.82003711,50.95259194,40.52173913,32.656
28.06755423,66.37685767,28.21292594,51.468
29.16553115,67.33528162,28.95048333,44.82
33.27667563,63.68079364,24.97136312,62.453
27.61801411,60.52071874,34.9733398,43.945
21.31706209,74.59158306,33.80151763,40.441
21.9130145,78.01559454,33.75643396,42.721
29.74506723,56.84576193,28.29788968,63.057
24.373101,61.8559722,33.52903357,67.955
36.18267375,53.53946841,29.88960958,63.928
26.5379898,62.50891483,32.21641746,70.93
48.04297249,35.54421401,23.37551716,77.418
27.37367118,50.8689478,29.02957793,46.696
51.36833046,32.36442178,18.2761116,103.621
23.41998525,72.81250384,32.8838787,65.361
25.2439143,58.79451396,34.04074951,52.867
42.28094576,40.82089264,24.05972406,83.006
34.45387413,52.98324372,29.1182266,36.457
43.79266751,43.91763316,23.0604333,51.594
38.18393481,40.05587526,27.60059613,51.882
21.68131085,58.8242779,39.47653039,54.261
23.48748975,62.96492311,36.7639505,64.355
21.71439612,66.47788494,34.09104386,52.312
32.50933753,49.3723567,29.36620039,79.198
26.94877506,52.87233644,30.48128342,64.576
54.79628977,28.77609433,23.00664901,80.992
57.54318031,32.06466194,17.58024691,93.902
20.92832541,62.64087153,36.22188906,53.333
17.68344043,74.75859342,38.19432199,56.543
19.5455129,74.58262469,36.01777736,64.052
30.95207991,51.24571694,27.45920218,65.764
33.99230862,55.3873444,30.98288239,47.993
52.93245939,35.27611321,21.00146352,89.922
32.72069606,50.01141188,29.45418036,63.836
49.66602025,25.61626952,25.98235766,40.784
39.73392461,29.28003713,25.97582722,74.773
19.67486453,50.52386496,30.76036866,53.182
53.51025118,29.9550578,24.39826701,81.029
55.86359058,26.60661721,24.31738726,86.175
38.84583677,39.15123778,27.56186428,76.667
50.23438352,31.81423611,23.31904112,97.713
42.01819686,11.61029348,36.06375093,63.307
71.29428778,7.219552101,32.93201133,194.605
42.10526316,12.85960676,34.49570815,117.083
42.58111557,11.55859539,31.20661157,60.147
67.6702509,10.34841076,24.39456586,131.364
47.70414495,12.18932419,37.34880276,78.056
60.85463564,10.32110935,35.99429793,102.426
34.2478941,24.44030936,16.34546752,41.25
58.91354246,8.610731269,30.95520265,96.389
44.38146049,6.374479256,42.34556849,96.848
41.74836601,19.58568738,40.70512821,88.421
73.49137931,8.116830725,38.27037773,178.75
28.18675889,25.81365478,37.31149047,80.058
16.0172817,43.18171023,49.21170345,57.165
48.62764149,17.09268147,32.82542447,92.716
31.94356707,25.94986785,36.86668829,76.376
59.932341,14.19008412,25.95862765,86.913
42.31611713,31.09696297,29.48505842,69.449
51.77650007,16.31695077,28.64907862,70.05
56.96449473,15.67832644,22.03941421,83.204
43.84739387,7.866935484,40.28703229,76.518
37.24010731,22.19445555,42.57618976,77.083
39.93696533,31.19780482,23.32695985,41.528
49.19655333,18.13346598,30.25954843,104.16
55.48507463,8.07989618,43.50558659,95.359
42.76169265,12.41856863,36.97725605,87.8
43.62002115,17.85317669,38.32051072,67.446
60.63186198,14.73283931,30.61989852,129.023
21.54559737,36.54356622,44.51339915,69.375
49.67871486,16.37964834,35.90498987,71.176
61.99498468,11.24720581,35.8017969,122.77
28.76679347,24.13918007,36.23135686,61.349
51.14909343,21.12107423,28.21839687,101.053
42.37906589,19.82926493,35.91905565,102.003
51.18225878,15.72863248,29.31666893,95.692
59.99440872,14.15285763,16.53524492,152.096
6.615540769,87.7801591,46.63149183,51.848
9.545261712,77.65076977,45.97696866,61.674
10.0115135,70.5041836,45.03452706,67.918
20.55652763,41.66349529,39.55648026,80.111
13.78750658,70.52142777,41.00357001,60.181
10.74028471,82.45631339,44.06587053,75.941
51.77017523,16.48376732,27.58841074,92.263
20.30681329,47.85626649,38.23839292,68.234
35.29241459,15.69485358,30.16836876,81.321
17.37103201,60.58804096,42.11856845,63.022
14.45788038,63.19497334,44.82524857,54.931
23.49083359,47.81293444,35.10036984,62.785
11.60873529,73.52641048,44.6631727,60.963
20.87874325,56.66548349,39.12304251,69.228
46.17654,25.81612352,30.38098339,90.92
56.75270108,17.64878192,26.74965422,91.31
48.27799364,33.04253288,21.73180323,74.583
77.53058954,20.73070608,22.77227723,128.75
33.17255329,38.25584197,30.84942625,59.387
26.8154591,51.19789449,35.15270638,55.618
30.80899898,37.66949557,34.17881733,68.139
44.40145103,18.82012921,32.54290876,68.605
17.99300394,45.16305837,38.697411,66.105
22.01616245,31.10742431,37.6,61.624
14.52471483,45.19872848,40.9326914,68.268
23.51247601,19.16425892,39.7389739,64.375
76.92307692,18.06673631,11.02040816,131.429
41.59867565,33.25263511,23.74551971,100.893
30.79800499,38.82597755,36.75682413,87.232
37.37056213,36.31051753,32.06012378,74.554
27.59402759,39.31922517,33.50609409,68.203
23.0140465,50.06648936,31.05356352,61.551
30.43950535,34.83146067,37.26819386,92.88
40.79356846,39.07649254,29.49152542,70.62
28.28156833,54.27180816,33.86320773,63.994
41.17763444,39.95922821,25.79578932,95.28
45.52126269,31.68709552,24.01882353,71.134
32.95113931,51.16860068,31.08775113,65.742
52.25038333,33.54019982,20.70195818,115.241
64.24689441,16.65879017,18.69976359,116.842
59.88960442,17.2246652,21.84508268,182.65
26.93074042,43.3757254,38.13692001,58.333
47.77675761,32.59989541,19.10165766,71.929
45.58863949,37.02458366,24.76010966,83.552
45.30055936,30.12830254,24.13892492,72.944
52.42678959,21.80461556,18.62358479,96.902
21.22054734,43.71246697,45.74804231,67.97
30.86939262,73.18917116,24.79112866,69.706
43.95544193,30.9582437,31.22069658,81.586
29.02061856,28.45800251,27.16593245,72.221
30.19157088,20.53279719,51.06487148,73.953
18.90645586,75.74886173,39.10380983,62.312
11.76534057,84.09581941,44.42931349,59.61
32.4922197,42.6040744,29.49784104,79.671
26.53755222,69.65034675,32.37442242,68.764
33.99866933,88.66995074,27.22222222,52.969
30.88079524,56.67961005,30.47153998,64.451
23.40791017,78.17783436,34.84452524,57.636
47.18326599,25.2701123,28.89184832,94.643
37.97311737,26.83901325,30.1727268,85.205
21.15677321,42.17391304,31.44329897,79.265
18.0692888,47.21239361,47.08662481,51.547
21.96055684,45.09202454,40.51398337,70.199
23.56624918,23.71693817,43.44165436,75.651
43.22709163,9.893279492,53.54713314,103.341
43.40065759,20.20239532,36.39705882,34.354
46.61654135,25.81755594,27.2183908,65.041
28.46441948,23.7232385,42.69034298,88.91
34.52964918,28.87473098,30.10351967,48.134
10.75630252,82.65822785,38.51454824,34.423
38.93102203,68.89772993,25.57744565,50.983
8.591602436,93.89286029,39.106119,38.812
10.62733609,85.71869455,41.83618362,39.269
16.18150685,77.81690141,35.8974359,29.872
34.4255938,59.88765271,30.52545306,47.7
26.97750245,69.7178576,27.25374601,38.455
16.70383817,77.21168893,36.42833577,40.391
7.792501982,93.47593583,42.51092157,31.367
31.45451106,42.32429754,29.33110368,34.318
15.30551944,88.64315043,35.04579429,41.199
36.59632227,50.82908069,26.36265751,51.112
5.337848734,94.23521414,52.57538595,26.229
9.248055315,85.83629893,37.11995578,39.688
0,96.86998395,55.84092792,55.625
7.486706842,94.66975666,41.03588224,41.146
15.26162791,66.60909614,42.04840104,43.094
48.63018955,38.4537422,18.28749071,48.079
14.78312186,81.09027092,39.5441634,32
11.3022113,96.85333333,54.18502203,34.75
16.57773291,94.06460379,39.0019698,36.405
25.33543804,55.18488746,53.82374363,33.646
13.22426721,88.23421101,44.01085142,30.74
23.41698147,63.873025,30.8685422,38.393
6.431718062,60.14344262,31.94207836,19.018
7.746790615,99.42481512,49.17355372,20.913
17.5830708,82.44934714,34.96614242,43.014
26.51978784,77.695934,32.0060675,26.491
23.90101892,41.25780791,32.95807453,28.413
10.62189055,79.0758338,38.50141376,22.132
7.82369146,85.34098152,41.62310182,36.272
32.92054871,64.46486486,27.12351166,49.338
47.13798507,46.67406401,17.23162684,51.915
14.53496687,81.71867226,33.18691833,39.296
21.14155899,78.98243489,31.09662577,35.852
36.46523717,57.08790282,25.83934271,50.59
37.13798097,53.08462801,18.9808175,55.499
42.83018868,43.65111562,14.98141264,30.27
25.28613066,64.87427466,29.2125663,41.653
27.83453775,72.69801066,27.81810263,30.981
31.95551875,64.67349198,26.94134257,48.208
16.72354949,79.03422701,35.67837732,38.507
51.37027235,24.26594543,12.88647988,40.895
34.46576986,44.07564317,23.81690632,48.534
36.45168391,32.71915745,20.82521336,92.228
53.99316997,29.46550269,15.28167851,83.695
29.90131806,57.50167509,24.16779517,72.082
50.15197568,25.32541518,18.06407635,92.917
42.5965457,19.62639495,28.12996645,54.159
45.8093673,16.0548243,33.50883791,99.205
48.27829772,16.17638866,17.73721371,38.787
68.34872719,15.51398829,18.15894317,73.182
56.10944528,17.52823761,19.39993181,63.132
18.00310398,34.11290323,47.65957447,61.196
41.15523466,19.88393924,27.03862661,56.063
54.47803765,31.46656816,17.93848321,51.736
18.01110385,90.36370957,40.29407396,51.477
31.07277414,49.79670827,32.45623418,53.141
48.67674858,10.91875057,20.80536913,66.438
27.86563848,38.28231213,33.01494,74.357
45.48633185,46.41148325,32.92904791,80.363
35.09989971,30.91002778,37.24722766,53.7
26.15384615,48.5593031,39.7424103,68.656
21.90671872,69.04432133,37.44805846,64.797
49.30267365,35.19220357,21.92615385,84.092
13.46232924,86.56734665,44.15615858,58.519
30.85714286,22.12109721,36.4,72.716
99.375,11.54096935,16.38418079,83.281
35.86132178,40.89962516,26.98574338,27.284
39.60753938,30.67373312,16.75739645,37.24
62.10661529,21.20617478,17.82850093,86.473
45.11250461,21.06525573,29.37039518,63.053
48.79931389,39.19272487,16.5856504,44.369
48.87067341,49.78589896,13.00678874,45.874
49.68117409,31.28265729,17.22647005,72.583
27.63142489,65.6614786,31.48148148,47.222
12.10149642,35.07454906,48.21640904,53.232
34.18051415,67.90829097,33.57589345,51.532
49.90876449,36.83326416,27.60489323,88.391
29.86353298,70.95100865,34.48945714,64.921
43.37349398,20.12236574,22.98766157,56.917
35.0996483,42.31016731,21.8685497,47.194
53.189782,23.34543583,20.85476365,63.646
26.88728025,62.67793594,28.38892832,47.12
3.773584906,98.515625,50.03965107,39.453
20.94778147,68.03167858,38.78478137,45.662
29.8807599,47.42122866,27.80252413,45.375
65.78208931,27.91878173,12.34027017,90.471
54.84159948,38.7820148,13.08335779,43.101
75.22679693,12.56885328,14.74103586,80
12.31815606,90.48369308,40.62336758,44.926
19.1539924,85.82494191,40.34296029,34.155
23.25401265,82.02097235,30.45482721,41.132
64.12265298,20.90542903,16.62627242,114.243
24.95112849,70.1661801,35.10961754,46.721
17.77673546,89.84034833,47.28056004,38.835
45.74265793,63.32051123,15.85341956,56.429
20.12257406,77.94740898,35.2425085,45.46
45.59350041,47.22392826,23.50110548,53.919
27.16374604,71.08790675,35.0208376,52.462
51.9630485,34.98302527,14.88031055,70
31.29149298,70.44370925,30.83431176,53.976
19.10760728,82.31795242,35.42320512,42.324
11.69661048,93.52941176,53.50877193,31.206
39.29597701,17.18387631,23.77892031,37.188
17.90656539,92.4433464,35.75707308,27.929
13.16256376,86.17515561,35.22889115,34.882
12.84448476,97.60676322,41.1858362,34.601
47.65669113,61.99180586,20.23385867,41.722
21.51741935,71.54709775,36.65270811,44.416
8.53827024,69.60041337,44.61766889,41.967
33.72087742,67.88257724,26.5168725,46.924
7.229254571,96.06356968,48.63833036,35.469
31.10015983,80.40683483,29.25318761,40.128
25.30708661,71.15876451,32.90019353,24.984
20.03805525,76.83998073,35.94603468,27.473
39.12556652,62.8900287,24.01572892,33.869
49.88842274,41.9199731,16.90061763,57.801
39.34163209,55.4716366,20.89332942,41.019
21.7713392,67.32370768,30.09808227,32.867
57.55496922,37.27577135,11.83830606,49.14
58.97894737,26.78980188,14.57473974,73.503
59.56420955,24.94212103,13.81248403,94.755
35.08090615,62.23529412,20.77294686,25.288
48.96428365,45.07391782,18.23711394,55.93
53.77620222,51.72215844,22.89123196,76.875
19.51492978,69.67002278,32.57911392,44.167
40.02372362,53.08238371,21.94703502,38.411
40.55387507,45.1574323,21.12495083,52.237
33.64506073,63.92542537,21.91599811,37.446
76.50926479,13.93891934,15.2247191,140.625
24.18095683,59.53749025,32.92029072,56.155
6.402689286,93.60492971,50.2347335,50.544
19.32731152,75.45844471,37.06236099,64.973
20.66362196,49.4656423,33.22342733,78.793
33.81890888,30.47265688,32.87453679,80.645
33.11748381,16.5950261,51.43385754,51.25
6.538895152,92.95706705,46.86040477,47.396
15.93072448,90.62261476,35.69967513,64.591
10.94043467,88.80501807,44.72644559,58.942
12.2005571,81.29138103,51.03070492,46.257
34.08853779,30.48502476,26.14749871,53.634
45.38108757,15.5447326,29.17581321,63.388
57.85764623,9.841126906,22.35294118,86.429
18.51375869,42.49840884,42.34853642,53.525
20.08598831,72.57657791,38.14317102,64.647
46.24842371,12.14141042,40.6430088,104.792
45.5900024,10.23152479,49.02857143,85.25
18.61587983,32.34899329,47.53552119,78.601
28.63873296,16.51112375,41.92196666,71.527
16.52208202,26.36017941,51.24838173,83.4
33.02828619,5.486800422,43.26404927,250.001
19.68455234,16.47077802,55.36588779,66.789
48.52880232,11.35911602,43.22957198,82.386
15.06234414,18.47998686,63.02222222,63.626
24.48910082,20.80702718,55.01319261,56.705
22.96599225,15.62530086,56.39761758,83.021
57.85210739,18.74871742,24.46299083,112.429
18.08720754,36.68605694,53.03855826,62.957
41.71316964,13.91126904,45.11886697,113.646
12.80053857,64.78905555,51.26162019,59.915
30.55400632,26.77896104,43.15543233,93.75
50.51903114,9.07832915,34.84579936,134.271
30.1454323,33.27071006,37.32604153,91.267
21.66220636,31.01235844,47.54234935,82.139
25.69971389,17.60801949,50.47254725,75.625
42.75862069,7.773346509,42.7922815,112.313
25.74585635,22.10471113,38.39462238,74.588
24.2512408,20.57849134,52.92569659,48.05
26.33071917,20.78298538,48.18993888,40.881
44.78039465,11.13050155,42.00376294,64.283
20.39987504,33.43741365,50.44624411,67.464
18.8730482,27.72025925,46.97840807,81.331
51.18372791,8.93808351,44.63313041,111.902
47.79635258,8.247601433,46.95164681,102.442
59.31372549,7.671186584,27.53303965,93.333
58.97187197,9.834266517,27.48804373,135.647
55.91094387,7.787148117,34.96034167,96.579
52.68236202,6.607666911,41.88063845,91.438
50.57696495,8.318310585,29.46981424,108.182
67.30769231,7.412128235,25.27357999,140.089
17.72056039,24.33211179,51.98896298,62.697
47.58551308,10.13190866,34.01773215,80.139
40.6360424,13.1558446,45.75180227,100.568
37.3814433,16.14709251,31.46178093,75.318
37.18562874,6.717420511,41.33333333,86.078
29.08435975,22.37729266,41.2979351,72.604
9.21656498,42.01558743,49.67439566,63.707
36.61180249,15.94803928,30.24856597,52.353
37.87587972,6.786950975,56.60580021,82.115
16.83665339,38.78225605,56.11660221,70.3
28.55866587,13.82328911,51.3368984,104.271
35.99111331,19.6361016,43.93348624,96.944
38.47505271,8.284439638,60.28067885,121.964
47.70687323,13.79013177,28.74673333,79.279
72.41962775,8.502822937,14.56,162.521
27.16242661,27.96902742,41.56233469,69.438
63.59816654,17.57416677,18.5133727,101.991
66.98970321,8.050713154,20.76771654,142.065
32.6073779,37.14755157,35.02487955,59.11
65.15326778,12.74426808,27.0689178,94.659
46.48952258,22.91605119,24.47414846,70.875
21.25110914,32.58576959,48.66857845,54.342
68.36581709,10.32366479,25.97310686,161.25
29.20777713,25.69777963,50.52816901,91.683
29.93197279,28.05748216,32.98950738,90.438
18.07841239,47.30730524,51.95003546,56.108
40.87169866,17.2824103,33.60962567,95.669
64.50674974,14.64362234,35.25165821,103.185
75.27675277,6.153614003,37.42030407,144.239
49.98007174,11.05373876,31.66089965,76.977
31.31239124,26.91646135,30.67357513,98.803
24.22537577,34.91944302,36.18666767,67.554
53.83531622,17.70177629,25.25194356,116.997
41.38866287,16.09631599,27.49460402,93.603
30.10524598,19.26816255,30.65918006,96.061
60.30013643,4.170455786,36.37156563,124.75
21.67578818,42.51759495,38.92476187,75.725
25.58139535,26.06299748,30.22709475,116.481
17.98385475,47.79113948,38.59151973,74.715
21.64524963,30.43332111,41.77126217,83.937
42.96590533,14.91054126,27.8978389,82.165
30.66631689,15.82214241,33.95016038,90.5
58.97079277,8.380600772,28.11373648,106.364
62.47194164,15.74621829,25.27735754,107.321
44.05390836,21.77991403,29.90472487,80.458
66.51006711,11.01218369,23.89057751,166.042
55.13546057,18.67467459,26.04065828,94.297
23.97561802,7.851239669,43.62793777,121.429
67.31958763,6.263696129,19.72789116,99.537
22.20981146,35.24262607,41.75112145,75.298
22.85017082,41.14449317,44.14692152,60.485
25.97592605,34.7501643,31.08833577,94.895
41.6540486,35.36599722,26.11676986,101.314
59.65270684,5.309509265,36.62511985,250.001
44.78880965,21.38629283,29.40033989,101.554
18.35596229,48.7268483,43.75315179,66.446
47.17889908,9.975377509,41.98339886,90.491
50.25062657,10.81499065,30.62853342,123.388
8.836104513,20.20744932,61.73588427,50.423
27.80678851,32.25154083,37.98148701,62.586
19.98207885,28.1032317,47.90735473,55.583
27.37382378,28.80332201,36.54434251,78.17
23.13270486,35.89633345,41.60899654,68.838
33.50799057,18.46181968,32.64851485,93.159
30.91514996,41.6098137,34.2109412,108.418
54.78433317,5.061537016,40.23201856,110.075
56.38297872,9.429195879,27.63395545,147.422
49.5991984,26.89246401,26.43576826,77.153
29.99153976,20.21894489,26.74741859,93.029
57.66224941,8.477169624,28.53071564,139.667
21.16928644,31.87151192,39.92637549,63.723
24.62379076,32.76019313,39.13862278,63.5
42.27601446,19.76720996,27.26772448,68.789
48.08184143,9.313364055,42.40475012,104.25
56.20915033,11.13034447,30.0933126,125.611
51.94954128,10.38769717,39.60567278,131.2
11.52301022,51.93536831,49.12873012,50
36.66598234,17.95305351,36.89750693,70.769
9.676366603,58.20366962,46.75418004,56.223
23.30818726,23.27012143,43.60827805,61.687
23.37515861,20.17530089,48.59291921,54.625
33.52958493,13.37285166,37.52439364,68.705
40.85117918,12.5979428,32.30099821,85.885
35.81995593,13.82449633,45.12195122,80.086
55.02560819,10.62437375,28.23460065,94.792
49.75934839,7.355997434,32.26369027,84.893
38.52459016,10.25023757,33.86897404,74.5
41.71511628,8.833758405,41.40419948,125.455
28.2653588,18.21084937,40.94739239,78.352
9.428429148,57.51391466,49.83126551,56.725
39.23467036,13.32147094,38.86910062,71.506
38.92726534,12.44872563,41.02184376,80.156
31.28800442,12.32219482,27.17301892,44.068
41.54488518,7.429585274,38.80597015,113.295
42.57152706,15.02497879,43.00501882,87.148
38.27977316,10.14977826,36.02638087,48.125
35.40636042,20.13176232,35.4940214,60.859
6.66204426,60.67286126,52.10181665,54.014
37.66928607,24.52400263,34.81889764,82.712
10.50596627,40.68065769,56.23085701,48.559
17.48535376,33.66224979,51.9681742,85.463
11.41107078,51.56332639,52.16302643,67.274
14.61280443,37.02682617,56.10229848,53.433
36.23818042,13.96128439,54.68455744,69.794
32.28634039,11.79775281,56.03392042,81.429
35.15399646,27.23642353,33.9546057,64.352
34.02214022,16.59197849,46.99527346,60.809
60.84558824,5.439095254,43.13612866,89.231
27.34846309,19.60300373,50.12054648,73.167
22.7661597,17.81806935,54.02473422,89.375
22.99723757,16.05242043,55.48150616,78.368
16.90024732,26.5194578,19.04369332,96.393
33.645766,18.49984508,38.80937881,64.286
25.51330337,22.48535975,50.26388251,85.086
86.82101514,7.644315604,37.92250618,65.268
42.36334405,12.37493418,33.61702128,54.909
8.760852407,58.81601363,32.22302679,80.313
63.25983313,13.99245583,29.6538025,85
19.69189551,45.4954955,20.37519541,83.958
61.05160662,11.86669435,19.59755031,123.646
47.71124503,18.88375906,31.72626528,91.229
28.85304659,20.66395664,41.8579235,50.542
6.808769793,87.13358071,48.32321942,55.391
35.74879227,3.244108234,61.93323368,87.212
13.6997539,90.4723127,39.18391839,43.75
36.63983609,56.79206577,29.34546442,80.694
40.17150179,61.88158658,27.27245228,72.468
51.95797517,8.530732906,38.92889289,94.491
39.13953931,14.20751993,28.67367677,83.134
49.51259405,31.94407047,23.04172437,83.424
44.55747711,50.36755988,21.93973635,78.333
16.56557998,47.19499831,35.19513068,66.786
37.50575242,24.73965736,27.54334656,64.805
41.82415776,15.00392642,34.3986637,74.189
25.39162113,11.78029685,40.70612669,69.861
39.71759594,18.71927366,37.49441216,48.722
24.32058959,25.37768462,37.82044406,67.871
44.79220113,23.56612884,27.53623188,83.449
54.14540816,11.19874845,22.11874272,131.106
42.10526316,12.83937165,35.36067893,81.95
13.57870546,70.56786146,40.26774504,57.121
21.6477744,58.85688479,38.73305482,62.283
20.51641673,49.7266699,36.43726013,68.654
26.69716526,42.49855371,35.11684187,57.844
13.24252859,64.33318406,41.49913683,65.284
24.89253615,28.08126708,40.2087242,70.053
42.60568914,21.28867092,29.06403941,93.594
43.22412509,29.55021442,24.67094161,128.5
54.51701212,7.082524527,32.7037037,218.281
29.7019976,26.41816099,34.23096319,88.11
17.00399467,57.86603945,40.45265589,76.007
45.55392765,28.48936975,25.30243479,97.299
62.60623229,17.22281605,23.4145791,144.911
44.63385959,24.75590255,25.74663728,81.295
32.75733928,31.99745898,35.63228312,61.921
24.11436192,58.59997585,36.50646474,93.406
32.37975479,37.4739689,35.47199769,64.174
47.43119266,6.172466722,42.07093355,65.761
38.4083045,15.25920873,40.63477872,58.056
30.12048193,14.96670508,36.34224599,104.141
45.36273355,15.45106485,27.53600743,83.578
28.44509948,25.63626816,33.36064454,61.25
40.01331558,11.53020546,45.18321513,125.329
64.18396418,11.51941858,27.91798107,109.034
40.32925148,29.03572331,27.21799057,84.845
45.87391081,20.31537196,37.30952381,149.875
52.85792052,28.52098329,26.95238095,146.875
31.28637706,26.11397676,32.50039664,121.056
45.78860446,44.04879657,26.79640719,19.909
34.87847657,57.93891651,31.49448345,43.935
60.95043085,44.46576203,17.36094767,55.989
23.42386033,71.58279009,36.66763806,36.159
22.29691877,61.07392996,36.05759429,49.704
41.78920253,39.44402992,25.28980938,49.876
51.60239001,31.94753224,17.83576896,80.248
34.85198717,35.63323617,29.03792847,51.045
40.02231209,26.27268402,23.32169189,66.455
22.17620218,63.77538436,38.88745649,39.238
50.21978022,24.33208063,22.57792755,64.815
12.17504333,32.1937698,43.33743337,55.398
31.98565373,63.03969022,46.68304668,71.429
24.08716137,41.1288402,45.74406485,62.083
22.25433526,35.94394064,24.31192661,42.257
27.37030411,44.92510092,33.39871368,45.053
54.70779221,22.98458859,20.90609555,74.847
75.16420361,14.97970729,10.13957307,80.12
29.50711214,50.87531261,31.58607544,51.507
48.06020776,34.94608598,26.34742537,71.964
23.12898556,60.83659227,28.39791171,58.37
9.781066288,75.17217631,40.76958314,64.811
26.15012107,30.93135859,28.26887661,67.115
22.44541485,68.08022923,34.84848485,46.927
38.42765164,25.7526127,17.26226529,57.679
26.58670665,62.94225393,39.2862613,52.937
20.74355725,31.07398568,40.89861751,56.742
40.27552674,27.79146546,30.60283688,69.612
36.57168499,43.28207381,30.7481474,76.837
21.9760479,72.82394644,37.47971877,44.904
8.268564472,69.24429853,31.53839641,53.934
50.4652789,42.25890712,23.61667408,55.858
46.87452471,37.03958956,23.01013025,74.733
41.98902248,46.47612136,21.21794487,45.433
24.99371512,66.237534,37.75891961,38.706
31.27815315,46.15610846,27.75583025,42.134
42.34806952,35.12082642,21.80261568,49.085
16.06709978,70.84174529,35.07037339,44.485
32.42979508,41.57204189,30.0067561,47.105
44.8850166,30.95385854,20,61.292
49.66131907,29.25019925,17.54349193,61.997
32.53091873,41.02847429,29.58359229,61.5
19.65835744,60.52453573,34.04622809,52.134
20.80234118,68.61726164,31.50038415,56.203
38.48003345,30.31041124,26.94823397,48.75
22.86131944,63.21484879,30.27434531,63.596
17.43602009,97.08900524,45.5133736,41.952
45.83680266,29.61081021,29.88874222,64.352
19.19434958,56.69671347,36.55293704,63.536
30.47673099,54.73969091,31.92818111,69.722
70.12462108,12.02662301,18.17105653,46.887
33.37753833,47.60937921,32.61501302,71.992
55.70736554,27.26621171,20.01142857,113.693
27.65700483,50.50856156,29.9062399,43.495
44.72016328,25.66666667,22.73230645,70.561
19.46822893,46.32944965,27.68350031,51.265
14.82055826,70.10484557,44.30072757,45.532
50.54835494,15.99026377,28.4249767,112.589
21.34229201,37.59880532,45.29206327,62.917
24.36720271,34.38885932,37.41294816,68.207
34.63476071,21.20403981,33.81856294,60.776
58.90529974,12.11460013,25.45027408,64.5
19.5625371,55.91300623,44.61656311,63.134
33.62114076,15.58890605,37.25814063,63.67
30.06602336,28.14092762,29.72605841,36.128
26.54867257,28.9603059,47.68940585,54.479
14.33002481,25.1026314,50.85790885,43.522
23.12013829,28.72407652,41.92,56.25
43.30941325,24.55399466,28.43102843,41.658
22.47191011,17.94353065,34.80392157,45.982
54.27574171,21.47095846,25.87939698,45.263
44.67661692,10.37870901,48.15047022,81.123
24.73856209,27.58158859,45.36715885,70.333
25.59681698,34.7531923,36.97102641,43.716
63.10020877,16.03853565,13.5031235,55.234
39.02069115,33.24792457,33.94985614,107.5
42.84808119,14.78734351,24.26790374,37.917
50.43782837,9.837517326,40.43052838,52.083
74.18032787,7.868238628,11.44694534,38.858
39.56880152,15.76798937,13.12462372,31.875
64.78368079,20.45330075,16.1277034,41.406
33.86155129,18.72358411,32.39277652,58.125
52.68408551,12.81540126,27.33333333,66.458
38.5776585,10.87738346,34.74734872,41.938
25.38243626,40.4885117,39.14451261,36.159
57.4665818,13.93530437,20.98680436,54.441
48.93149347,19.29165317,27.37042427,51.871
48.22850865,14.33770015,26.2623564,38.015
42.81133084,14.56084887,36.53606189,63.188
25.16820618,42.2975312,43.96941633,67.431
58.4998552,17.95879253,22.10512273,61.932
56.67784573,17.04676412,16.96317381,92.065
14.29333333,55.26038927,33.69823893,66.014
73.67463026,11.78803084,15.69767442,81.25
59.05592031,12.18797579,22.32836448,111.438
30.60341308,41.55620319,31.55870598,62.799
43.82451121,19.1929643,24.25876011,84.034
23.87048193,76.34237108,46.7270195,48.438
43.83375209,19.83984589,28.9671585,72.726
84.95013599,7.779578606,18.75,71.269
29.28361961,29.72279406,33.17836812,45.842
62.60733802,13.76017883,17.84636807,69.583
58.39673913,12.10058436,21.5515027,79.137
62.73377338,10.66681284,20.94039054,94.12
36.25229048,20.78908528,36.47619048,56.929
37.20856963,20.69006973,35.12492737,71.932
64.99178982,12.7605291,28.60658259,87.632
56.97232061,20.09131334,19.45792401,57.759
68.95888435,14.58402058,17.21330016,73.796
52.24297202,23.52881552,21.49055326,87.765
46.87059334,26.88674181,23.99680575,70.259
5.456349206,49.88713318,38.00904977,40.23
38.07759372,26.22383045,31.29312044,65.476
65.52406065,24.64118232,13.84083045,91.639
18.13244203,49.08051453,41.37060765,70.634
25.07047115,45.87916081,35.76935262,52.523
71.39152982,11.67876241,10.13900245,101.534
77.03156481,13.2055805,14.08621736,145.5
56.65430573,10.75457508,13.17016317,137.037
66.26477541,13.52885808,17.05135284,101.649
49.94124559,18.47536815,19.82501067,106.75
52.70172038,20.54519761,24.72450263,78.906
71.06109325,8.39914522,29.23119469,147.385
67.65480896,12.44963533,22.10159771,106.923
25.65277142,49.80134666,34.20389654,60.759
60.19417476,20.1620591,18.43971631,51.974
50.06299874,20.36446087,19.46391753,27.024
27.36101212,47.59474935,40.45339226,37.861
52.45187069,16.70445956,19.03933171,59.318
45.39839407,25.46154964,20.52526406,45.042
68.79310345,18.65895954,8.451053284,54.753
60.40592784,16.1488185,7.752179328,96.667
40.11857708,41.31240223,24.59310436,40.423
42.3027536,21.42577907,32.37325687,45.765
43.55403238,33.31619767,24.25197907,53.579
22.36553479,31.8215005,35.5235571,50.589
23.57219828,40.3353578,42.40589198,40.337
30.20002312,25.7705548,31.47975562,34.949
52.41738745,24.90995019,18.35709158,61.152
38.94080997,21.77973483,30.63763608,54.167
37.3137403,27.43328167,31.76682394,56.688
52.47629083,18.33427682,18.44847549,85.077
52.05195523,19.01424792,19.01391262,77.375
33.19502075,20.15023939,26.09586235,31.602
42.21548442,39.08031575,22.98813722,63.416
32.61741493,29.62495013,32.54769921,63.554
38.99546054,18.52128454,31.19623656,99.597
24.57293035,37.52848693,35.81468341,42.32
59.64236589,20.14696877,13.60766893,40.641
37.17423133,22.49567448,33.97427397,53.254
46.67529526,14.6414905,25.27849186,73.429
58.0117724,13.89174375,17.07768187,78.182
45.66778363,28.90748767,25.72639851,63.365
14.31510876,68.01115242,47.90926483,68.036
21.0990502,42.10384719,33.73801917,48.352
49.74552619,16.5575,15.49146912,38.569
41.6025641,17.65469723,21.32993095,44.933
18.33333333,49.69212629,36.6991827,54.022
74.8976249,10.41724124,19.81845688,44.611
16.47956893,40.10237476,44.54906884,51.175
59.60099751,6.084806998,21.015625,83.482
8.633093525,85.40580789,37.44551003,42.029
32.83010844,46.76430206,37.8156195,43.222
74.84662577,9.457602457,8.205128205,50.263
64.6656535,8.270184812,22.41265656,65.284
29.32790224,35.67692794,32.2412436,51.115
18.1200068,42.69300284,38.94768673,44.937
59.39524838,12.54756562,16.52410575,31.667
52.56772009,13.27528466,21.41775984,48.845
64.03409091,7.708297981,13.86901486,51.731
46.23916811,17.81800338,26.28518972,56.797
13.75436845,74.63865546,44.08916911,66.866
22.00532387,29.09134731,40.47224524,41.944
30.40616246,39.37495411,35.55224066,40.802
35.76857453,19.00099792,28.74378992,51.207
75.52742616,9.273029481,15.37735849,40.517
54.62482947,11.61246929,23.21833291,50.766
76.56903766,9.215394333,17.28274174,42.554
49.10988336,15.25744791,25.59255079,47.341
67.74916013,10.05109059,15.73802542,27.036
20.64595889,43.82218892,33.95070523,46.901
70.29634735,11.05026764,8.017817372,29.547
7.676348548,44.03416919,49.49937422,38.75
52.59055479,16.47276845,20.45833333,31.094
76.82570594,11.75867022,5.584642234,50.875
24.45510026,24.10159551,13.30171169,65
4.31372549,53.27829043,44.75843209,28.935
28.183161,25.27704845,39.86240389,53.664
34.19753086,13.84141064,34.93552169,57.002
52.63500325,6.772053859,28.73900293,37.419
54.27061931,13.40395817,26.5819568,58.924